{"x_amp": 0.1729703647441323, "sx_amp": 0.08710130839410975, "dur": 160, "beta": 0.20754055952061876}